117,117 Raw,118,118 Raw,59,59 Raw,63,63 Raw,id
"Digital and Technologies, Financial Services","Digital and Technologies, Financial Services",VC,VC,1818 Venture Capital Limited,1818 Venture Capital Limited,"Early Revenue, Revenue","Early Revenue, Revenue",69319c169e24cd0435b60830
"Advanced Manufacturing, Clean Energy Industries, Creative Industries, Digital and Technologies, Financial Services, Life Sciences","Advanced Manufacturing, Clean Energy Industries, Creative Industries, Digital and Technologies, Financial Services, Life Sciences",VC,VC,24Haymarket Limited,24Haymarket Limited,"Early Revenue, Revenue, Growth","Early Revenue, Revenue, Growth",69319c169e24cd0435b60833
"Digital and Technologies, Financial Services","Digital and Technologies, Financial Services",VC,VC,6 Degrees Capital,6 Degrees Capital,"Pre-Revenue, Early Revenue, Revenue","Pre-Revenue, Early Revenue, Revenue",69319c169e24cd0435b60836
"Clean Energy Industries, Digital and Technologies, Financial Services, Life Sciences, Defence and Security, Advanced Manufacturing","Clean Energy Industries, Digital and Technologies, Financial Services, Life Sciences, Defence and Security, Advanced Manufacturing",VC,VC,ACT Venture Partners,ACT Venture Partners,"Early Revenue, Revenue, Growth","Early Revenue, Revenue, Growth",69319c169e24cd0435b60839
"Clean Energy Industries, Digital and Technologies, Advanced Manufacturing, Creative Industries, Financial Services","Clean Energy Industries, Digital and Technologies, Advanced Manufacturing, Creative Industries, Financial Services",VC,VC,ADA PARTNERS,ADA PARTNERS,"Pre-Revenue, Revenue","Pre-Revenue, Revenue",69319c169e24cd0435b6083c
"Advanced Manufacturing, Clean Energy Industries","Advanced Manufacturing, Clean Energy Industries",Accelerator / Incubator,Accelerator / Incubator,Aer Ventures,Aer Ventures,"Early Revenue, Pre-Revenue","Early Revenue, Pre-Revenue",69319c179e24cd0435b60842
"Advanced Manufacturing, Clean Energy Industries","Advanced Manufacturing, Clean Energy Industries",VC,VC,AgFunder,AgFunder,,,69319c179e24cd0435b60845
"Clean Energy Industries, Advanced Manufacturing","Clean Energy Industries, Advanced Manufacturing",Public-Private Partnership,Public-Private Partnership,AgriZeroNZ,AgriZeroNZ,"Pre-Revenue, Early Revenue, Growth","Pre-Revenue, Early Revenue, Growth",69319c179e24cd0435b60848
"Creative Industries, Digital and Technologies, Life Sciences, Defence and Security, Advanced Manufacturing","Creative Industries, Digital and Technologies, Life Sciences, Defence and Security, Advanced Manufacturing",VC,VC,Albion Capital Group LLP,Albion Capital Group LLP,"Pre-Revenue, Early Revenue, Revenue, Growth","Pre-Revenue, Early Revenue, Revenue, Growth",69319c179e24cd0435b6084b
"Creative Industries, Life Sciences","Creative Industries, Life Sciences",Angel Network,Angel Network,ALMA ANGELS LTD,ALMA ANGELS LTD,"Pre-Revenue, Early Revenue, Revenue","Pre-Revenue, Early Revenue, Revenue",69319c179e24cd0435b6084e
"Clean Energy Industries, Creative Industries, Digital and Technologies, Life Sciences, Defence and Security, Advanced Manufacturing","Clean Energy Industries, Creative Industries, Digital and Technologies, Life Sciences, Defence and Security, Advanced Manufacturing",VC,VC,Amadeus Capital Partners Ltd,Amadeus Capital Partners Ltd,,,69319c179e24cd0435b60851
Digital and Technologies,Digital and Technologies,Angel Network,Angel Network,Angel Academe,Angel Academe,"Pre-Revenue, Early Revenue","Pre-Revenue, Early Revenue",69319c179e24cd0435b60854
"Digital and Technologies, Advanced Manufacturing","Digital and Technologies, Advanced Manufacturing",Angel Network,Angel Network,Angels@Essex,Angels@Essex,Pre-Revenue,Pre-Revenue,69319c179e24cd0435b60857
Life Sciences,Life Sciences,VC,VC,Antares Ventures,Antares Ventures,"Pre-Revenue, Early Revenue","Pre-Revenue, Early Revenue",69319c179e24cd0435b6085a
Digital and Technologies,Digital and Technologies,VC,VC,Anticus Partners,Anticus Partners,"Revenue, Growth, Early Revenue","Revenue, Growth, Early Revenue",69319c179e24cd0435b6085d
,,VC,VC,Antler Management,Antler Management,"Pre-Revenue, Early Revenue, Revenue, Growth","Pre-Revenue, Early Revenue, Revenue, Growth",69319c179e24cd0435b60860
Life Sciences,Life Sciences,VC,VC,Apollo Health Ventures,Apollo Health Ventures,"Pre-Revenue, Early Revenue","Pre-Revenue, Early Revenue",69319c179e24cd0435b60863
"Digital and Technologies, Life Sciences","Digital and Technologies, Life Sciences",VC,VC,Arãya Ventures,Arãya Ventures,"Pre-Revenue, Early Revenue, Revenue","Pre-Revenue, Early Revenue, Revenue",69319c179e24cd0435b60866
"Digital and Technologies, Life Sciences","Digital and Technologies, Life Sciences",Angel Network,Angel Network,Archangels,Archangels,"Pre-Revenue, Early Revenue","Pre-Revenue, Early Revenue",69319c179e24cd0435b60869
Digital and Technologies,Digital and Technologies,VC,VC,Ascension Ventures Limited,Ascension Ventures Limited,"Pre-Revenue, Early Revenue","Pre-Revenue, Early Revenue",69319c179e24cd0435b6086c
Advanced Manufacturing,Advanced Manufacturing,VC,VC,Astanor Ventures,Astanor Ventures,"Pre-Revenue, Early Revenue","Pre-Revenue, Early Revenue",69319c179e24cd0435b6086f
"Clean Energy Industries, Creative Industries, Digital and Technologies, Life Sciences, Advanced Manufacturing","Clean Energy Industries, Creative Industries, Digital and Technologies, Life Sciences, Advanced Manufacturing",VC,VC,Atlantic Bridge,Atlantic Bridge,"Early Revenue, Revenue, Growth","Early Revenue, Revenue, Growth",69319c179e24cd0435b60872
"Clean Energy Industries, Digital and Technologies, Advanced Manufacturing","Clean Energy Industries, Digital and Technologies, Advanced Manufacturing",VC,VC,ATLAS VENTURES SYNDICATE LIMITED,ATLAS VENTURES SYNDICATE LIMITED,Revenue,Revenue,69319c179e24cd0435b60875
Digital and Technologies,Digital and Technologies,VC,VC,Backed,Backed,"Pre-Revenue, Early Revenue, Revenue","Pre-Revenue, Early Revenue, Revenue",69319c179e24cd0435b60878
"Clean Energy Industries, Digital and Technologies","Clean Energy Industries, Digital and Technologies",Accelerator / Incubator,Accelerator / Incubator,Baltic Ventures,Baltic Ventures,"Pre-Revenue, Early Revenue","Pre-Revenue, Early Revenue",69319c179e24cd0435b6087b
"Advanced Manufacturing, Clean Energy Industries, Life Sciences","Advanced Manufacturing, Clean Energy Industries, Life Sciences",Corporate VC,Corporate VC,Barclays Climate Ventures,Barclays Climate Ventures,"Revenue, Growth","Revenue, Growth",69319c179e24cd0435b6087e
"Creative Industries, Advanced Manufacturing, Life Sciences, Clean Energy Industries, Financial Services","Creative Industries, Advanced Manufacturing, Life Sciences, Clean Energy Industries, Financial Services",VC,VC,BERINGEA,BERINGEA,"Revenue, Growth","Revenue, Growth",69319c179e24cd0435b60881
"Digital and Technologies, Life Sciences","Digital and Technologies, Life Sciences",VC,VC,BGF Investment Management Limited,BGF Investment Management Limited,"Pre-Revenue, Early Revenue, Revenue","Pre-Revenue, Early Revenue, Revenue",69319c179e24cd0435b60884
"Clean Energy Industries, Creative Industries, Digital and Technologies, Financial Services, Life Sciences, Defence and Security, Advanced Manufacturing","Clean Energy Industries, Creative Industries, Digital and Technologies, Financial Services, Life Sciences, Defence and Security, Advanced Manufacturing",VC,VC,BLACKFINCH INVESTMENTS LIMITED,BLACKFINCH INVESTMENTS LIMITED,"Pre-Revenue, Early Revenue, Revenue, Growth","Pre-Revenue, Early Revenue, Revenue, Growth",69319c179e24cd0435b6088a
"Digital and Technologies, Advanced Manufacturing, Clean Energy Industries, Creative Industries, Life Sciences, Financial Services","Digital and Technologies, Advanced Manufacturing, Clean Energy Industries, Creative Industries, Life Sciences, Financial Services",VC,VC,BLACK SEED VENTURES,BLACK SEED VENTURES,"Early Revenue, Revenue, Growth","Early Revenue, Revenue, Growth",69319c179e24cd0435b60887
"Clean Energy Industries, Digital and Technologies, Life Sciences, Defence and Security, Advanced Manufacturing","Clean Energy Industries, Digital and Technologies, Life Sciences, Defence and Security, Advanced Manufacturing",VC,VC,Bloc Ventures Ltd,Bloc Ventures Ltd,"Early Revenue, Revenue","Early Revenue, Revenue",69319c179e24cd0435b6088d
Digital and Technologies,Digital and Technologies,VC,VC,Blue Lake VC,Blue Lake VC,"Pre-Revenue, Early Revenue, Revenue, Growth","Pre-Revenue, Early Revenue, Revenue, Growth",69319c179e24cd0435b60890
"Life Sciences, Advanced Manufacturing","Life Sciences, Advanced Manufacturing",VC,VC,Blue Ledge Capital,Blue Ledge Capital,"Pre-Revenue, Early Revenue, Revenue","Pre-Revenue, Early Revenue, Revenue",69319c179e24cd0435b60893
"Digital and Technologies, Creative Industries, Life Sciences, Financial Services","Digital and Technologies, Creative Industries, Life Sciences, Financial Services",VC,VC,Boost Capital Partners,Boost Capital Partners,"Pre-Revenue, Early Revenue, Revenue, Growth","Pre-Revenue, Early Revenue, Revenue, Growth",69319c179e24cd0435b60896
"Creative Industries, Digital and Technologies, Life Sciences, Advanced Manufacturing","Creative Industries, Digital and Technologies, Life Sciences, Advanced Manufacturing",VC,VC,Boundary Capital Partners LLP,Boundary Capital Partners LLP,"Pre-Revenue, Early Revenue, Revenue","Pre-Revenue, Early Revenue, Revenue",69319c179e24cd0435b60899
"Creative Industries, Clean Energy Industries, Life Sciences, Digital and Technologies","Creative Industries, Clean Energy Industries, Life Sciences, Digital and Technologies",Corporate VC,Corporate VC,bP Ventures,bP Ventures,"Revenue, Growth, Mature","Revenue, Growth, Mature",69319c179e24cd0435b6089c
"Clean Energy Industries, Creative Industries, Digital and Technologies, Life Sciences, Defence and Security, Advanced Manufacturing","Clean Energy Industries, Creative Industries, Digital and Technologies, Life Sciences, Defence and Security, Advanced Manufacturing",VC,VC,British Design Fund Advisors,British Design Fund Advisors,"Pre-Revenue, Early Revenue, Revenue","Pre-Revenue, Early Revenue, Revenue",69319c179e24cd0435b6089f
"Clean Energy Industries, Creative Industries, Digital and Technologies, Financial Services, Life Sciences, Defence and Security, Advanced Manufacturing","Clean Energy Industries, Creative Industries, Digital and Technologies, Financial Services, Life Sciences, Defence and Security, Advanced Manufacturing",Angel Network,Angel Network,Cambridge Angels,Cambridge Angels,"Pre-Revenue, Early Revenue, Revenue","Pre-Revenue, Early Revenue, Revenue",69319c179e24cd0435b608a2
"Digital and Technologies, Life Sciences, Advanced Manufacturing","Digital and Technologies, Life Sciences, Advanced Manufacturing",VC,VC,Cambridge Enterprise,Cambridge Enterprise,"Pre-Revenue, Early Revenue, Revenue","Pre-Revenue, Early Revenue, Revenue",69319c179e24cd0435b608a5
"Creative Industries, Digital and Technologies, Advanced Manufacturing","Creative Industries, Digital and Technologies, Advanced Manufacturing",VC,VC,Cambridge Future Tech,Cambridge Future Tech,Pre-Revenue,Pre-Revenue,69319c179e24cd0435b608a8
"Digital and Technologies, Life Sciences, Advanced Manufacturing","Digital and Technologies, Life Sciences, Advanced Manufacturing",VC,VC,Cambridge innovation Capital,Cambridge innovation Capital,"Pre-Revenue, Early Revenue","Pre-Revenue, Early Revenue",69319c179e24cd0435b608ab
"Clean Energy Industries, Creative Industries, Digital and Technologies, Life Sciences, Advanced Manufacturing","Clean Energy Industries, Creative Industries, Digital and Technologies, Life Sciences, Advanced Manufacturing",VC,VC,Cancer Research Technology Limited,Cancer Research Technology Limited,Pre-Revenue,Pre-Revenue,69319c179e24cd0435b608ae
"Clean Energy Industries, Life Sciences, Advanced Manufacturing, Financial Services, Creative Industries","Clean Energy Industries, Life Sciences, Advanced Manufacturing, Financial Services, Creative Industries",VC,VC,Carbon13,Carbon13,"Pre-Revenue, Early Revenue","Pre-Revenue, Early Revenue",69319c179e24cd0435b608b1
Life Sciences,Life Sciences,VC,VC,Catapult Venture Managers Limited,Catapult Venture Managers Limited,"Pre-Revenue, Early Revenue","Pre-Revenue, Early Revenue",69319c179e24cd0435b608b4
"Clean Energy Industries, Digital and Technologies, Life Sciences, Advanced Manufacturing","Clean Energy Industries, Digital and Technologies, Life Sciences, Advanced Manufacturing",VC,VC,Chrysalix Venture Capital,Chrysalix Venture Capital,"Pre-Revenue, Early Revenue, Revenue","Pre-Revenue, Early Revenue, Revenue",69319c179e24cd0435b608b7
"Advanced Manufacturing, Clean Energy Industries","Advanced Manufacturing, Clean Energy Industries",VC,VC,Cibus Capital LLP,Cibus Capital LLP,"Revenue, Growth, Mature, Exit Ready","Revenue, Growth, Mature, Exit Ready",69319c179e24cd0435b608ba
"Advanced Manufacturing, Clean Energy Industries, Creative Industries, Digital and Technologies, Life Sciences","Advanced Manufacturing, Clean Energy Industries, Creative Industries, Digital and Technologies, Life Sciences","Angel Network, VC","Angel Network, VC",Clarendon Fund Managers Limited,Clarendon Fund Managers Limited,"Early Revenue, Revenue, Growth","Early Revenue, Revenue, Growth",69319c179e24cd0435b608bd
"Digital and Technologies, Life Sciences, Advanced Manufacturing","Digital and Technologies, Life Sciences, Advanced Manufacturing",VC,VC,Clay Capital (formerly Vis Vires New Protein),Clay Capital (formerly Vis Vires New Protein),"Pre-Revenue, Early Revenue, Revenue, Growth","Pre-Revenue, Early Revenue, Revenue, Growth",69319c179e24cd0435b608c0
"Clean Energy Industries, Digital and Technologies, Advanced Manufacturing","Clean Energy Industries, Digital and Technologies, Advanced Manufacturing",VC,VC,Clean Energy Ventures,Clean Energy Ventures,"Early Revenue, Revenue, Growth","Early Revenue, Revenue, Growth",69319c179e24cd0435b608c3
"Clean Energy Industries, Advanced Manufacturing, Creative Industries, Life Sciences, Digital and Technologies, Financial Services","Clean Energy Industries, Advanced Manufacturing, Creative Industries, Life Sciences, Digital and Technologies, Financial Services",VC,VC,CLEAN GROWTH FUND,CLEAN GROWTH FUND,,,69319c179e24cd0435b608c6
"Clean Energy Industries, Creative Industries, Digital and Technologies, Financial Services, Life Sciences, Defence and Security, Advanced Manufacturing","Clean Energy Industries, Creative Industries, Digital and Technologies, Financial Services, Life Sciences, Defence and Security, Advanced Manufacturing",VC,VC,Committed Capital Financial Services,Committed Capital Financial Services,,,69319c179e24cd0435b608c9
"Digital and Technologies, Financial Services, Life Sciences, Advanced Manufacturing","Digital and Technologies, Financial Services, Life Sciences, Advanced Manufacturing",VC,VC,Concept Ventures,Concept Ventures,"Pre-Revenue, Early Revenue, Revenue","Pre-Revenue, Early Revenue, Revenue",69319c189e24cd0435b608cc
"Clean Energy Industries, Life Sciences","Clean Energy Industries, Life Sciences",VC,VC,Conduit connect,Conduit connect,"Early Revenue, Revenue","Early Revenue, Revenue",69319c189e24cd0435b608cf
"Clean Energy Industries, Creative Industries, Digital and Technologies, Financial Services, Defence and Security, Advanced Manufacturing","Clean Energy Industries, Creative Industries, Digital and Technologies, Financial Services, Defence and Security, Advanced Manufacturing",VC,VC,Constructor Capital I GP Ltd.,Constructor Capital I GP Ltd.,"Pre-Revenue, Early Revenue, Revenue","Pre-Revenue, Early Revenue, Revenue",69319c189e24cd0435b608d2
"Digital and Technologies, Life Sciences, Clean Energy Industries, Advanced Manufacturing","Digital and Technologies, Life Sciences, Clean Energy Industries, Advanced Manufacturing",VC,VC,CORNERSTONE VENTURES,CORNERSTONE VENTURES,"Early Revenue, Revenue","Early Revenue, Revenue",69319c189e24cd0435b608d5
"Clean Energy Industries, Digital and Technologies, Advanced Manufacturing","Clean Energy Industries, Digital and Technologies, Advanced Manufacturing",Family Office,Family Office,Cottagequinn Enterprises Ltd,Cottagequinn Enterprises Ltd,,,69319c189e24cd0435b608d8
"Clean Energy Industries, Creative Industries, Advanced Manufacturing, Financial Services","Clean Energy Industries, Creative Industries, Advanced Manufacturing, Financial Services",VC,VC,Counteract Partners,Counteract Partners,"Pre-Revenue, Early Revenue","Pre-Revenue, Early Revenue",69319c189e24cd0435b608db
"Clean Energy Industries, Digital and Technologies, Life Sciences, Advanced Manufacturing","Clean Energy Industries, Digital and Technologies, Life Sciences, Advanced Manufacturing",VC,VC,CPT Capital LLP,CPT Capital LLP,"Pre-Revenue, Early Revenue, Revenue, Growth","Pre-Revenue, Early Revenue, Revenue, Growth",69319c189e24cd0435b608de
Creative Industries,Creative Industries,VC,VC,Creative UK,Creative UK,"Pre-Revenue, Early Revenue, Revenue","Pre-Revenue, Early Revenue, Revenue",69319c189e24cd0435b608e1
"Advanced Manufacturing, Clean Energy Industries, Defence and Security, Digital and Technologies, Financial Services, Life Sciences","Advanced Manufacturing, Clean Energy Industries, Defence and Security, Digital and Technologies, Financial Services, Life Sciences",VC,VC,Creator Fund,Creator Fund,"Pre-Revenue, Early Revenue","Pre-Revenue, Early Revenue",69319c189e24cd0435b60938
"Creative Industries, Digital and Technologies, Life Sciences, Advanced Manufacturing","Creative Industries, Digital and Technologies, Life Sciences, Advanced Manufacturing",Angel Network,Angel Network,Daring Capital,Daring Capital,,,69319c189e24cd0435b608e4
"Clean Energy Industries, Creative Industries, Digital and Technologies, Financial Services, Life Sciences, Defence and Security, Advanced Manufacturing","Clean Energy Industries, Creative Industries, Digital and Technologies, Financial Services, Life Sciences, Defence and Security, Advanced Manufacturing",VC,VC,Deepbridge Capital,Deepbridge Capital,"Pre-Revenue, Early Revenue, Revenue","Pre-Revenue, Early Revenue, Revenue",69319c189e24cd0435b608ea
"Advanced Manufacturing, Clean Energy Industries, Life Sciences","Advanced Manufacturing, Clean Energy Industries, Life Sciences",VC,VC,DEEP SCIENCE VENTURES,DEEP SCIENCE VENTURES,,,69319c189e24cd0435b608e7
"Advanced Manufacturing, Clean Energy Industries, Digital and Technologies, Professional and Business Services","Advanced Manufacturing, Clean Energy Industries, Digital and Technologies, Professional and Business Services",VC,VC,Deeptech Seed Fund,Deeptech Seed Fund,Pre-Revenue,Pre-Revenue,69319c189e24cd0435b608ed
Life Sciences,Life Sciences,VC,VC,Delin Ventures Advisors,Delin Ventures Advisors,"Early Revenue, Revenue","Early Revenue, Revenue",69319c189e24cd0435b608f0
"Clean Energy Industries, Digital and Technologies, Life Sciences, Advanced Manufacturing","Clean Energy Industries, Digital and Technologies, Life Sciences, Advanced Manufacturing",Corporate VC,Corporate VC,Development Bank of Wales,Development Bank of Wales,"Pre-Revenue, Early Revenue, Revenue","Pre-Revenue, Early Revenue, Revenue",69319c189e24cd0435b608f3
"Clean Energy Industries, Creative Industries, Digital and Technologies, Life Sciences, Advanced Manufacturing","Clean Energy Industries, Creative Industries, Digital and Technologies, Life Sciences, Advanced Manufacturing",VC,VC,Diffusion Capital ,Diffusion Capital ,"Early Revenue, Revenue","Early Revenue, Revenue",69319c189e24cd0435b608f6
"Creative Industries, Digital and Technologies","Creative Industries, Digital and Technologies",VC,VC,DSW Venture Capital LLP,DSW Venture Capital LLP,"Pre-Revenue, Early Revenue","Pre-Revenue, Early Revenue",69319c189e24cd0435b608f9
"Clean Energy Industries, Creative Industries, Digital and Technologies, Life Sciences, Defence and Security, Advanced Manufacturing","Clean Energy Industries, Creative Industries, Digital and Technologies, Life Sciences, Defence and Security, Advanced Manufacturing",Family Office,Family Office,EARLYMARKET,EARLYMARKET,"Pre-Revenue, Early Revenue, Revenue","Pre-Revenue, Early Revenue, Revenue",69319c189e24cd0435b608fc
"Clean Energy Industries, Creative Industries, Digital and Technologies, Life Sciences, Advanced Manufacturing","Clean Energy Industries, Creative Industries, Digital and Technologies, Life Sciences, Advanced Manufacturing",VC,VC,East Innovate Ltd,East Innovate Ltd,"Pre-Revenue, Early Revenue","Pre-Revenue, Early Revenue",69319c189e24cd0435b608ff
Clean Energy Industries,Clean Energy Industries,Angel Network,Angel Network,Ebico,Ebico,Growth,Growth,69319c189e24cd0435b60902
"Creative Industries, Digital and Technologies, Defence and Security, Advanced Manufacturing","Creative Industries, Digital and Technologies, Defence and Security, Advanced Manufacturing",VC,VC,Edge VC (Create the Future),Edge VC (Create the Future),"Early Revenue, Revenue","Early Revenue, Revenue",69319c189e24cd0435b60905
"Clean Energy Industries, Creative Industries, Digital and Technologies, Life Sciences, Advanced Manufacturing","Clean Energy Industries, Creative Industries, Digital and Technologies, Life Sciences, Advanced Manufacturing",VC,VC,EHE Venture Studio & AI Fund,EHE Venture Studio & AI Fund,"Pre-Revenue, Early Revenue, Revenue","Pre-Revenue, Early Revenue, Revenue",69319c189e24cd0435b60908
"Clean Energy Industries, Creative Industries, Digital and Technologies, Life Sciences, Advanced Manufacturing","Clean Energy Industries, Creative Industries, Digital and Technologies, Life Sciences, Advanced Manufacturing",VC,VC,EIT InnoEnergy,EIT InnoEnergy,,,69319c189e24cd0435b6090b
"Creative Industries, Advanced Manufacturing, Digital and Technologies","Creative Industries, Advanced Manufacturing, Digital and Technologies",VC,VC,EKA VENTURES,EKA VENTURES,"Pre-Revenue, Early Revenue, Revenue, Growth","Pre-Revenue, Early Revenue, Revenue, Growth",69319c189e24cd0435b6090e
"Clean Energy Industries, Creative Industries, Digital and Technologies, Life Sciences, Defence and Security, Advanced Manufacturing","Clean Energy Industries, Creative Industries, Digital and Technologies, Life Sciences, Defence and Security, Advanced Manufacturing",VC,VC,ELBOW BEACH CAPITAL,ELBOW BEACH CAPITAL,"Pre-Revenue, Early Revenue, Revenue","Pre-Revenue, Early Revenue, Revenue",69319c189e24cd0435b60911
"Clean Energy Industries, Advanced Manufacturing","Clean Energy Industries, Advanced Manufacturing",VC,VC,ELSOMS SEEDS,ELSOMS SEEDS,"Pre-Revenue, Early Revenue","Pre-Revenue, Early Revenue",69319c189e24cd0435b60914
"Clean Energy Industries, Creative Industries, Digital and Technologies, Financial Services, Life Sciences, Defence and Security","Clean Energy Industries, Creative Industries, Digital and Technologies, Financial Services, Life Sciences, Defence and Security",VC,VC,Emles Venture,Emles Venture,"Pre-Revenue, Early Revenue, Revenue","Pre-Revenue, Early Revenue, Revenue",69319c189e24cd0435b60917
"Clean Energy Industries, Creative Industries, Digital and Technologies, Financial Services, Life Sciences, Defence and Security, Advanced Manufacturing","Clean Energy Industries, Creative Industries, Digital and Technologies, Financial Services, Life Sciences, Defence and Security, Advanced Manufacturing",VC,VC,Empirical Ventures (Spin Up Science Ventures),Empirical Ventures (Spin Up Science Ventures),"Pre-Revenue, Early Revenue","Pre-Revenue, Early Revenue",69319c189e24cd0435b6091a
"Clean Energy Industries, Digital and Technologies, Financial Services, Life Sciences, Defence and Security, Advanced Manufacturing","Clean Energy Industries, Digital and Technologies, Financial Services, Life Sciences, Defence and Security, Advanced Manufacturing",VC,VC,EMV Capital,EMV Capital,"Revenue, Growth, Mature","Revenue, Growth, Mature",69319c189e24cd0435b6091d
"Advanced Manufacturing, Creative Industries, Digital and Technologies, Life Sciences","Advanced Manufacturing, Creative Industries, Digital and Technologies, Life Sciences",VC,VC,Eos Advisory,Eos Advisory,"Pre-Revenue, Early Revenue","Pre-Revenue, Early Revenue",69319c189e24cd0435b60920
"Clean Energy Industries, Creative Industries, Digital and Technologies, Financial Services, Life Sciences, Advanced Manufacturing","Clean Energy Industries, Creative Industries, Digital and Technologies, Financial Services, Life Sciences, Advanced Manufacturing",VC,VC,Epidarex Management Limited,Epidarex Management Limited,"Pre-Revenue, Early Revenue","Pre-Revenue, Early Revenue",69319c189e24cd0435b60923
"Clean Energy Industries, Creative Industries, Digital and Technologies, Financial Services, Life Sciences, Defence and Security, Advanced Manufacturing","Clean Energy Industries, Creative Industries, Digital and Technologies, Financial Services, Life Sciences, Defence and Security, Advanced Manufacturing",Angel Network,Angel Network,Equity Gap Limited,Equity Gap Limited,"Pre-Revenue, Early Revenue, Revenue","Pre-Revenue, Early Revenue, Revenue",69319c189e24cd0435b60926
"Clean Energy Industries, Creative Industries, Digital and Technologies, Financial Services, Life Sciences, Defence and Security, Advanced Manufacturing","Clean Energy Industries, Creative Industries, Digital and Technologies, Financial Services, Life Sciences, Defence and Security, Advanced Manufacturing",VC,VC,ETF Partners,ETF Partners,"Pre-Revenue, Early Revenue, Revenue, Growth","Pre-Revenue, Early Revenue, Revenue, Growth",69319c189e24cd0435b60929
"Creative Industries, Digital and Technologies, Financial Services, Life Sciences, Defence and Security, Advanced Manufacturing","Creative Industries, Digital and Technologies, Financial Services, Life Sciences, Defence and Security, Advanced Manufacturing",VC,VC,Exceptional Ventures,Exceptional Ventures,"Pre-Revenue, Early Revenue","Pre-Revenue, Early Revenue",69319c189e24cd0435b6092f
"Clean Energy Industries, Creative Industries, Digital and Technologies, Financial Services, Defence and Security, Advanced Manufacturing","Clean Energy Industries, Creative Industries, Digital and Technologies, Financial Services, Defence and Security, Advanced Manufacturing",VC,VC,Extantia,Extantia,"Pre-Revenue, Early Revenue, Revenue","Pre-Revenue, Early Revenue, Revenue",69319c189e24cd0435b60932
"Creative Industries, Digital and Technologies, Advanced Manufacturing","Creative Industries, Digital and Technologies, Advanced Manufacturing",Angel Network,Angel Network,Fearless adventures,Fearless adventures,"Pre-Revenue, Early Revenue","Pre-Revenue, Early Revenue",69319c189e24cd0435b60935
"Advanced Manufacturing, Clean Energy Industries, Creative Industries, Defence and Security, Digital and Technologies, Financial Services, Life Sciences","Advanced Manufacturing, Clean Energy Industries, Creative Industries, Defence and Security, Digital and Technologies, Financial Services, Life Sciences",VC,VC,Firstminute Capital,Firstminute Capital,"Pre-Revenue, Early Revenue","Pre-Revenue, Early Revenue",69319c189e24cd0435b6093b
"Clean Energy Industries, Digital and Technologies, Financial Services, Life Sciences, Defence and Security, Advanced Manufacturing","Clean Energy Industries, Digital and Technologies, Financial Services, Life Sciences, Defence and Security, Advanced Manufacturing",VC,VC,Foresight Group LLP,Foresight Group LLP,"Pre-Revenue, Early Revenue, Revenue, Growth","Pre-Revenue, Early Revenue, Revenue, Growth",69319c189e24cd0435b6093e
"Creative Industries, Digital and Technologies, Financial Services, Life Sciences, Defence and Security, Advanced Manufacturing","Creative Industries, Digital and Technologies, Financial Services, Life Sciences, Defence and Security, Advanced Manufacturing",Angel Network,Angel Network,Found Capital,Found Capital,"Early Revenue, Revenue","Early Revenue, Revenue",69319c189e24cd0435b60941
"Creative Industries, Life Sciences, Advanced Manufacturing","Creative Industries, Life Sciences, Advanced Manufacturing",VC,VC,FOV,FOV,"Pre-Revenue, Early Revenue","Pre-Revenue, Early Revenue",69319c189e24cd0435b60944
"Digital and Technologies, Advanced Manufacturing","Digital and Technologies, Advanced Manufacturing",VC,VC,Future Planet Capital,Future Planet Capital,"Pre-Revenue, Early Revenue","Pre-Revenue, Early Revenue",69319c189e24cd0435b60947
"Digital and Technologies, Advanced Manufacturing","Digital and Technologies, Advanced Manufacturing",Accelerator / Incubator,Accelerator / Incubator,Gallos Ventures,Gallos Ventures,"Pre-Revenue, Early Revenue, Revenue","Pre-Revenue, Early Revenue, Revenue",69319c189e24cd0435b6094a
"Clean Energy Industries, Digital and Technologies, Advanced Manufacturing","Clean Energy Industries, Digital and Technologies, Advanced Manufacturing",Angel Network,Angel Network,GC ANGELS,GC ANGELS,"Pre-Revenue, Early Revenue","Pre-Revenue, Early Revenue",69319c189e24cd0435b6094d
"Clean Energy Industries, Creative Industries, Digital and Technologies, Life Sciences, Advanced Manufacturing","Clean Energy Industries, Creative Industries, Digital and Technologies, Life Sciences, Advanced Manufacturing",VC,VC,Green angel Ventures,Green angel Ventures,"Pre-Revenue, Early Revenue","Pre-Revenue, Early Revenue",69319c189e24cd0435b60950
"Clean Energy Industries, Creative Industries, Digital and Technologies, Advanced Manufacturing","Clean Energy Industries, Creative Industries, Digital and Technologies, Advanced Manufacturing",VC,VC,Growth Impact Fund,Growth Impact Fund,"Early Revenue, Revenue","Early Revenue, Revenue",69319c189e24cd0435b60953
"Creative Industries, Digital and Technologies, Life Sciences, Advanced Manufacturing","Creative Industries, Digital and Technologies, Life Sciences, Advanced Manufacturing",Angel Network,Angel Network,HENLEY BUSINESS ANGELS,HENLEY BUSINESS ANGELS,"Pre-Revenue, Early Revenue","Pre-Revenue, Early Revenue",69319c189e24cd0435b60956
"Digital and Technologies, Life Sciences, Advanced Manufacturing","Digital and Technologies, Life Sciences, Advanced Manufacturing",VC,VC,HERAN Partners,HERAN Partners,"Pre-Revenue, Early Revenue, Revenue, Growth","Pre-Revenue, Early Revenue, Revenue, Growth",69319c189e24cd0435b60959
"Clean Energy Industries, Financial Services, Digital and Technologies, Life Sciences, Advanced Manufacturing","Clean Energy Industries, Financial Services, Digital and Technologies, Life Sciences, Advanced Manufacturing",Angel Network,Angel Network,HERMESA,HERMESA,"Pre-Revenue, Early Revenue","Pre-Revenue, Early Revenue",69319c189e24cd0435b6095c
"Clean Energy Industries, Creative Industries, Digital and Technologies, Financial Services, Defence and Security, Advanced Manufacturing","Clean Energy Industries, Creative Industries, Digital and Technologies, Financial Services, Defence and Security, Advanced Manufacturing",VC,VC,HG Ventures,HG Ventures,"Pre-Revenue, Early Revenue, Revenue, Growth","Pre-Revenue, Early Revenue, Revenue, Growth",69319c189e24cd0435b6095f
"Clean Energy Industries, Advanced Manufacturing","Clean Energy Industries, Advanced Manufacturing",Family Office,Family Office,HICO Investment Group,HICO Investment Group,"Pre-Revenue, Early Revenue, Revenue","Pre-Revenue, Early Revenue, Revenue",69319c189e24cd0435b60962
"Creative Industries, Digital and Technologies, Financial Services, Life Sciences, Defence and Security, Advanced Manufacturing","Creative Industries, Digital and Technologies, Financial Services, Life Sciences, Defence and Security, Advanced Manufacturing",VC,VC,Hiro Capital,Hiro Capital,"Pre-Revenue, Early Revenue, Revenue, Growth","Pre-Revenue, Early Revenue, Revenue, Growth",69319c189e24cd0435b60965
"Advanced Manufacturing, Clean Energy Industries, Creative Industries, Digital and Technologies, Life Sciences","Advanced Manufacturing, Clean Energy Industries, Creative Industries, Digital and Technologies, Life Sciences",VC,VC,Hoxton Ventures,Hoxton Ventures,"Pre-Revenue, Early Revenue","Pre-Revenue, Early Revenue",69319c189e24cd0435b60968
"Digital and Technologies, Advanced Manufacturing","Digital and Technologies, Advanced Manufacturing",VC,VC,Impact Shakers Ventures,Impact Shakers Ventures,"Pre-Revenue, Early Revenue","Pre-Revenue, Early Revenue",69319c189e24cd0435b6096b
"Creative Industries, Digital and Technologies, Financial Services, Life Sciences, Defence and Security, Advanced Manufacturing","Creative Industries, Digital and Technologies, Financial Services, Life Sciences, Defence and Security, Advanced Manufacturing",VC,VC,Impact X Capital Partners,Impact X Capital Partners,"Pre-Revenue, Early Revenue, Revenue, Growth","Pre-Revenue, Early Revenue, Revenue, Growth",69319c189e24cd0435b6096e
"Clean Energy Industries, Creative Industries, Digital and Technologies, Life Sciences, Defence and Security, Advanced Manufacturing","Clean Energy Industries, Creative Industries, Digital and Technologies, Life Sciences, Defence and Security, Advanced Manufacturing",VC,VC,IP Group Plc,IP Group Plc,"Pre-Revenue, Early Revenue, Revenue, Growth","Pre-Revenue, Early Revenue, Revenue, Growth",69319c189e24cd0435b60971
"Clean Energy Industries, Creative Industries, Digital and Technologies, Financial Services, Life Sciences, Defence and Security, Advanced Manufacturing","Clean Energy Industries, Creative Industries, Digital and Technologies, Financial Services, Life Sciences, Defence and Security, Advanced Manufacturing",VC,VC,IQ Capital Partners LLP,IQ Capital Partners LLP,"Pre-Revenue, Early Revenue, Revenue, Growth","Pre-Revenue, Early Revenue, Revenue, Growth",69319c189e24cd0435b60974
"Clean Energy Industries, Creative Industries, Digital and Technologies, Financial Services, Life Sciences, Defence and Security, Advanced Manufacturing","Clean Energy Industries, Creative Industries, Digital and Technologies, Financial Services, Life Sciences, Defence and Security, Advanced Manufacturing",VC,VC,Jenson Funding Partners LLP,Jenson Funding Partners LLP,"Pre-Revenue, Early Revenue, Revenue, Growth","Pre-Revenue, Early Revenue, Revenue, Growth",69319c189e24cd0435b60977
"Clean Energy Industries, Creative Industries, Digital and Technologies, Life Sciences, Advanced Manufacturing","Clean Energy Industries, Creative Industries, Digital and Technologies, Life Sciences, Advanced Manufacturing",VC,VC,Kelvin Capital Limited,Kelvin Capital Limited,"Pre-Revenue, Early Revenue, Revenue, Growth","Pre-Revenue, Early Revenue, Revenue, Growth",69319c189e24cd0435b6097a
"Clean Energy Industries, Creative Industries, Digital and Technologies, Life Sciences, Advanced Manufacturing","Clean Energy Industries, Creative Industries, Digital and Technologies, Life Sciences, Advanced Manufacturing",VC,VC,Kero Limited,Kero Limited,"Pre-Revenue, Early Revenue, Revenue","Pre-Revenue, Early Revenue, Revenue",69319c189e24cd0435b6097d
"Digital and Technologies, Life Sciences, Advanced Manufacturing","Digital and Technologies, Life Sciences, Advanced Manufacturing",VC,VC,KHP VENTURES,KHP VENTURES,"Pre-Revenue, Early Revenue, Revenue","Pre-Revenue, Early Revenue, Revenue",69319c199e24cd0435b60980
"Life Sciences, Advanced Manufacturing","Life Sciences, Advanced Manufacturing",Not-for-Profit VC,Not-for-Profit VC,Kidney Research,Kidney Research,,,69319c199e24cd0435b60983
"Digital and Technologies, Life Sciences, Advanced Manufacturing","Digital and Technologies, Life Sciences, Advanced Manufacturing",VC,VC,LCR Ventures Limited,LCR Ventures Limited,"Pre-Revenue, Early Revenue","Pre-Revenue, Early Revenue",69319c199e24cd0435b60986
"Digital and Technologies, Life Sciences, Creative Industries","Digital and Technologies, Life Sciences, Creative Industries",Angel Network,Angel Network,Lifted Ventures,Lifted Ventures,"Pre-Revenue, Early Revenue, Revenue","Pre-Revenue, Early Revenue, Revenue",69319c199e24cd0435b60989
"Digital and Technologies, Advanced Manufacturing, Creative Industries, Financial Services","Digital and Technologies, Advanced Manufacturing, Creative Industries, Financial Services",VC,VC,London Venture Partners,London Venture Partners,"Pre-Revenue, Early Revenue","Pre-Revenue, Early Revenue",69319c199e24cd0435b6098c
"Clean Energy Industries, Creative Industries, Life Sciences, Advanced Manufacturing","Clean Energy Industries, Creative Industries, Life Sciences, Advanced Manufacturing",VC,VC,Longwall Venture Partners LLP,Longwall Venture Partners LLP,"Pre-Revenue, Early Revenue, Revenue","Pre-Revenue, Early Revenue, Revenue",69319c199e24cd0435b6098f
"Digital and Technologies, Life Sciences, Advanced Manufacturing","Digital and Technologies, Life Sciences, Advanced Manufacturing",VC,VC,MACMILLAN CANCER SUPPORT,MACMILLAN CANCER SUPPORT,"Pre-Revenue, Early Revenue, Revenue","Pre-Revenue, Early Revenue, Revenue",69319c199e24cd0435b60998
"Advanced Manufacturing, Digital and Technologies","Advanced Manufacturing, Digital and Technologies",Angel Network,Angel Network,Manchester Angels,Manchester Angels,,,693705bdaf9d366325addba2
"Clean Energy Industries, Digital and Technologies, Financial Services, Life Sciences, Defence and Security, Advanced Manufacturing","Clean Energy Industries, Digital and Technologies, Financial Services, Life Sciences, Defence and Security, Advanced Manufacturing",VC,VC,Maven Capital partners UK LLP,Maven Capital partners UK LLP,"Pre-Revenue, Early Revenue, Revenue, Growth","Pre-Revenue, Early Revenue, Revenue, Growth",69319c199e24cd0435b6099b
"Clean Energy Industries, Creative Industries, Digital and Technologies, Financial Services, Life Sciences, Defence and Security, Advanced Manufacturing","Clean Energy Industries, Creative Industries, Digital and Technologies, Financial Services, Life Sciences, Defence and Security, Advanced Manufacturing",VC,VC,Mercia Asset Management Plc,Mercia Asset Management Plc,"Pre-Revenue, Early Revenue, Revenue, Growth","Pre-Revenue, Early Revenue, Revenue, Growth",69319c199e24cd0435b6099e
"Creative Industries, Digital and Technologies, Defence and Security","Creative Industries, Digital and Technologies, Defence and Security",VC,VC,Mercuri GP LLP,Mercuri GP LLP,"Pre-Revenue, Early Revenue","Pre-Revenue, Early Revenue",69319c199e24cd0435b609a1
"Creative Industries, Digital and Technologies","Creative Industries, Digital and Technologies",VC,VC,Metis Ventures,Metis Ventures,"Pre-Revenue, Early Revenue, Revenue","Pre-Revenue, Early Revenue, Revenue",69319c199e24cd0435b609a4
,,Angel Network,Angel Network,Mint Ventures,Mint Ventures,"Pre-Revenue, Early Revenue, Revenue","Pre-Revenue, Early Revenue, Revenue",69319c199e24cd0435b609a7
Life Sciences,Life Sciences,VC,VC,M:M BIO LIMITED,M:M BIO LIMITED,"Pre-Revenue, Early Revenue, Revenue","Pre-Revenue, Early Revenue, Revenue",69319c199e24cd0435b60995
"Clean Energy Industries, Creative Industries, Digital and Technologies, Financial Services, Life Sciences, Defence and Security, Advanced Manufacturing","Clean Energy Industries, Creative Industries, Digital and Technologies, Financial Services, Life Sciences, Defence and Security, Advanced Manufacturing",VC,VC,MMC Ventures Limited,MMC Ventures Limited,Revenue,Revenue,69319c199e24cd0435b609aa
"Clean Energy Industries, Creative Industries, Digital and Technologies, Financial Services, Life Sciences, Defence and Security, Advanced Manufacturing","Clean Energy Industries, Creative Industries, Digital and Technologies, Financial Services, Life Sciences, Defence and Security, Advanced Manufacturing",VC,VC,M Ventures,M Ventures,"Pre-Revenue, Early Revenue, Revenue","Pre-Revenue, Early Revenue, Revenue",69319c199e24cd0435b60992
"Clean Energy Industries, Advanced Manufacturing, Creative Industries","Clean Energy Industries, Advanced Manufacturing, Creative Industries",Not-for-Profit VC,Not-for-Profit VC,Nesta,Nesta,"Pre-Revenue, Early Revenue, Revenue","Pre-Revenue, Early Revenue, Revenue",69319c199e24cd0435b609ad
"Clean Energy Industries, Digital and Technologies","Clean Energy Industries, Digital and Technologies",VC,VC,NextEnergy Capital,NextEnergy Capital,,,69319c199e24cd0435b609b0
"Digital and Technologies, Advanced Manufacturing, Life Sciences, Creative Industries","Digital and Technologies, Advanced Manufacturing, Life Sciences, Creative Industries",VC,VC,NoBa Capital,NoBa Capital,"Pre-Revenue, Early Revenue","Pre-Revenue, Early Revenue",69319c199e24cd0435b609b3
"Clean Energy Industries, Life Sciences, Advanced Manufacturing","Clean Energy Industries, Life Sciences, Advanced Manufacturing",VC,VC,Norrsken Launcher ,Norrsken Launcher ,"Pre-Revenue, Early Revenue, Revenue","Pre-Revenue, Early Revenue, Revenue",69319c199e24cd0435b609b6
"Clean Energy Industries, Creative Industries, Digital and Technologies, Financial Services, Life Sciences, Defence and Security, Advanced Manufacturing","Clean Energy Industries, Creative Industries, Digital and Technologies, Financial Services, Life Sciences, Defence and Security, Advanced Manufacturing",VC,VC,Norrsken VC,Norrsken VC,"Pre-Revenue, Early Revenue, Revenue","Pre-Revenue, Early Revenue, Revenue",69319c199e24cd0435b609b9
"Clean Energy Industries, Creative Industries, Digital and Technologies, Life Sciences, Defence and Security, Advanced Manufacturing","Clean Energy Industries, Creative Industries, Digital and Technologies, Life Sciences, Defence and Security, Advanced Manufacturing",VC,VC,Northern Gritstone Limited,Northern Gritstone Limited,"Pre-Revenue, Early Revenue, Revenue","Pre-Revenue, Early Revenue, Revenue",69319c199e24cd0435b609bc
"Advanced Manufacturing, Clean Energy Industries, Digital and Technologies, Life Sciences","Advanced Manufacturing, Clean Energy Industries, Digital and Technologies, Life Sciences",Angel Network,Angel Network,Northern Investor Hub,Northern Investor Hub,"Pre-Revenue, Early Revenue, Revenue","Pre-Revenue, Early Revenue, Revenue",69319c199e24cd0435b609bf
"Clean Energy Industries, Digital and Technologies, Life Sciences, Advanced Manufacturing","Clean Energy Industries, Digital and Technologies, Life Sciences, Advanced Manufacturing",VC,VC,Northstar Ventures Limited,Northstar Ventures Limited,"Pre-Revenue, Early Revenue, Revenue","Pre-Revenue, Early Revenue, Revenue",69319c199e24cd0435b609c2
Life Sciences,Life Sciences,VC,VC,O2H VENTURES,O2H VENTURES,"Pre-Revenue, Early Revenue","Pre-Revenue, Early Revenue",69319c199e24cd0435b609c5
"Clean Energy Industries, Creative Industries, Digital and Technologies, Financial Services, Life Sciences, Defence and Security, Advanced Manufacturing","Clean Energy Industries, Creative Industries, Digital and Technologies, Financial Services, Life Sciences, Defence and Security, Advanced Manufacturing",VC,VC,Octopus Ventures Limited,Octopus Ventures Limited,"Pre-Revenue, Early Revenue, Revenue, Growth","Pre-Revenue, Early Revenue, Revenue, Growth",69319c199e24cd0435b609c8
"Clean Energy Industries, Creative Industries, Digital and Technologies, Financial Services, Life Sciences, Defence and Security, Advanced Manufacturing","Clean Energy Industries, Creative Industries, Digital and Technologies, Financial Services, Life Sciences, Defence and Security, Advanced Manufacturing",Corporate VC,Corporate VC,Old College Capital,Old College Capital,"Pre-Revenue, Early Revenue, Revenue","Pre-Revenue, Early Revenue, Revenue",69319c199e24cd0435b609cb
"Clean Energy Industries, Creative Industries, Digital and Technologies, Financial Services, Defence and Security, Advanced Manufacturing","Clean Energy Industries, Creative Industries, Digital and Technologies, Financial Services, Defence and Security, Advanced Manufacturing",VC,VC,ONE PLANET CAPITAL,ONE PLANET CAPITAL,"Pre-Revenue, Early Revenue","Pre-Revenue, Early Revenue",69319c199e24cd0435b609ce
"Defence and Security, Digital and Technologies","Defence and Security, Digital and Technologies",VC,VC,Osney Capital,Osney Capital,"Pre-Revenue, Early Revenue","Pre-Revenue, Early Revenue",69319c199e24cd0435b609d1
"Advanced Manufacturing, Clean Energy Industries, Digital and Technologies, Life Sciences","Advanced Manufacturing, Clean Energy Industries, Digital and Technologies, Life Sciences",Angel Network,Angel Network,Oxford Investment Opportunity Network Limited (OION),Oxford Investment Opportunity Network Limited (OION),"Pre-Revenue, Early Revenue, Revenue, Growth","Pre-Revenue, Early Revenue, Revenue, Growth",69319c199e24cd0435b609d4
"Clean Energy Industries, Creative Industries, Digital and Technologies, Life Sciences, Advanced Manufacturing","Clean Energy Industries, Creative Industries, Digital and Technologies, Life Sciences, Advanced Manufacturing",VC,VC,Oxford Science Enterprises Plc,Oxford Science Enterprises Plc,"Pre-Revenue, Early Revenue, Revenue","Pre-Revenue, Early Revenue, Revenue",69319c199e24cd0435b609d7
"Life Sciences, Digital and Technologies, Advanced Manufacturing, Creative Industries, Clean Energy Industries","Life Sciences, Digital and Technologies, Advanced Manufacturing, Creative Industries, Clean Energy Industries",VC,VC,Oxford Technology,Oxford Technology,"Pre-Revenue, Early Revenue","Pre-Revenue, Early Revenue",69319c199e24cd0435b609da
"Advanced Manufacturing, Clean Energy Industries","Advanced Manufacturing, Clean Energy Industries",VC,VC,Oyster Bay,Oyster Bay,"Pre-Revenue, Early Revenue, Revenue","Pre-Revenue, Early Revenue, Revenue",69319c199e24cd0435b609dd
"Life Sciences, Digital and Technologies, Clean Energy Industries, Advanced Manufacturing","Life Sciences, Digital and Technologies, Clean Energy Industries, Advanced Manufacturing",VC,VC,Paragon Capital,Paragon Capital,"Pre-Revenue, Early Revenue","Pre-Revenue, Early Revenue",69319c199e24cd0435b609e3
"Digital and Technologies, Advanced Manufacturing, Life Sciences, Clean Energy Industries","Digital and Technologies, Advanced Manufacturing, Life Sciences, Clean Energy Industries",VC,VC,Par Equity LLP,Par Equity LLP,"Early Revenue, Revenue","Early Revenue, Revenue",69319c199e24cd0435b609e0
"Clean Energy Industries, Creative Industries, Digital and Technologies, Life Sciences, Defence and Security, Advanced Manufacturing","Clean Energy Industries, Creative Industries, Digital and Technologies, Life Sciences, Defence and Security, Advanced Manufacturing",Corporate VC,Corporate VC,PDS Ventures,PDS Ventures,"Pre-Revenue, Early Revenue, Revenue","Pre-Revenue, Early Revenue, Revenue",69319c199e24cd0435b609e6
"Clean Energy Industries, Life Sciences, Advanced Manufacturing","Clean Energy Industries, Life Sciences, Advanced Manufacturing",VC,VC,Perfect Redd,Perfect Redd,"Pre-Revenue, Early Revenue, Revenue","Pre-Revenue, Early Revenue, Revenue",69319c199e24cd0435b609e9
"Clean Energy Industries, Digital and Technologies, Life Sciences, Advanced Manufacturing","Clean Energy Industries, Digital and Technologies, Life Sciences, Advanced Manufacturing",VC,VC,Pioneer Group,Pioneer Group,"Pre-Revenue, Early Revenue, Revenue","Pre-Revenue, Early Revenue, Revenue",69319c199e24cd0435b609ec
"Digital and Technologies, Advanced Manufacturing, Clean Energy Industries, Advanced Manufacturing, Life Sciences, Creative Industries, Financial Services","Digital and Technologies, Advanced Manufacturing, Clean Energy Industries, Advanced Manufacturing, Life Sciences, Creative Industries, Financial Services",VC,VC,Playfair Capital,Playfair Capital,"Pre-Revenue, Early Revenue, Revenue","Pre-Revenue, Early Revenue, Revenue",69319c199e24cd0435b609ef
"Clean Energy Industries, Life Sciences, Advanced Manufacturing","Clean Energy Industries, Life Sciences, Advanced Manufacturing",VC,VC,Praesidium S.A.,Praesidium S.A.,"Early Revenue, Revenue, Growth","Early Revenue, Revenue, Growth",69319c199e24cd0435b609f2
"Creative Industries, Digital and Technologies, Financial Services, Life Sciences, Defence and Security, Advanced Manufacturing","Creative Industries, Digital and Technologies, Financial Services, Life Sciences, Defence and Security, Advanced Manufacturing",Corporate VC,Corporate VC,Praetura Ventures Limited,Praetura Ventures Limited,"Pre-Revenue, Early Revenue, Revenue","Pre-Revenue, Early Revenue, Revenue",69319c199e24cd0435b609f5
"Creative Industries, Digital and Technologies, Life Sciences, Advanced Manufacturing","Creative Industries, Digital and Technologies, Life Sciences, Advanced Manufacturing",Not-for-Profit VC,Not-for-Profit VC,PROSTATE CANCER RESEARCH,PROSTATE CANCER RESEARCH,"Pre-Revenue, Early Revenue, Revenue","Pre-Revenue, Early Revenue, Revenue",69319c199e24cd0435b609f8
"Creative Industries, Digital and Technologies, Advanced Manufacturing","Creative Industries, Digital and Technologies, Advanced Manufacturing",VC (Late-Stage),VC (Late-Stage),Puma Growth Partners,Puma Growth Partners,"Growth, Mature, Exit Ready","Growth, Mature, Exit Ready",69319c199e24cd0435b609fb
"Clean Energy Industries, Digital and Technologies, Life Sciences, Advanced Manufacturing","Clean Energy Industries, Digital and Technologies, Life Sciences, Advanced Manufacturing",VC,VC,QANTX,QANTX,"Pre-Revenue, Early Revenue, Revenue","Pre-Revenue, Early Revenue, Revenue",69319c199e24cd0435b609fe
"Clean Energy Industries, Creative Industries, Digital and Technologies, Life Sciences, Advanced Manufacturing","Clean Energy Industries, Creative Industries, Digital and Technologies, Life Sciences, Advanced Manufacturing",VC,VC,QUBIS,QUBIS,Pre-Revenue,Pre-Revenue,69319c199e24cd0435b60a01
"Clean Energy Industries, Life Sciences, Advanced Manufacturing","Clean Energy Industries, Life Sciences, Advanced Manufacturing",VC,VC,Rabo Investments,Rabo Investments,"Early Revenue, Revenue, Growth, Mature","Early Revenue, Revenue, Growth, Mature",69319c199e24cd0435b60a04
"Clean Energy Industries, Creative Industries, Digital and Technologies, Financial Services, Life Sciences, Defence and Security, Advanced Manufacturing","Clean Energy Industries, Creative Industries, Digital and Technologies, Financial Services, Life Sciences, Defence and Security, Advanced Manufacturing",VC,VC,Redalpine Venture Partners,Redalpine Venture Partners,"Pre-Revenue, Early Revenue, Revenue","Pre-Revenue, Early Revenue, Revenue",69319c199e24cd0435b60a07
"Clean Energy Industries, Digital and Technologies, Advanced Manufacturing","Clean Energy Industries, Digital and Technologies, Advanced Manufacturing",VC,VC,REGENERATE VENTURES,REGENERATE VENTURES,"Pre-Revenue, Revenue","Pre-Revenue, Revenue",69319c199e24cd0435b60a0a
"Clean Energy Industries, Creative Industries, Digital and Technologies, Financial Services, Life Sciences, Defence and Security, Advanced Manufacturing","Clean Energy Industries, Creative Industries, Digital and Technologies, Financial Services, Life Sciences, Defence and Security, Advanced Manufacturing",VC,VC,River Capital,River Capital,"Pre-Revenue, Revenue","Pre-Revenue, Revenue",69319c199e24cd0435b60a0d
"Clean Energy Industries, Creative Industries, Digital and Technologies, Life Sciences, Advanced Manufacturing","Clean Energy Industries, Creative Industries, Digital and Technologies, Life Sciences, Advanced Manufacturing",VC,VC,Round2 Capital,Round2 Capital,"Pre-Revenue, Early Revenue, Revenue","Pre-Revenue, Early Revenue, Revenue",69319c199e24cd0435b60a10
"Clean Energy Industries, Creative Industries, Digital and Technologies, Financial Services, Life Sciences, Defence and Security, Advanced Manufacturing","Clean Energy Industries, Creative Industries, Digital and Technologies, Financial Services, Life Sciences, Defence and Security, Advanced Manufacturing",VC (Late-Stage),VC (Late-Stage),Salica Investments (formerly Hambro Perks),Salica Investments (formerly Hambro Perks),"Early Revenue, Revenue, Growth","Early Revenue, Revenue, Growth",69319c199e24cd0435b60a13
"Advanced Manufacturing, Clean Energy Industries, Digital and Technologies, Life Sciences","Advanced Manufacturing, Clean Energy Industries, Digital and Technologies, Life Sciences",Corporate VC,Corporate VC,Salonica Group,Salonica Group,"Pre-Revenue, Early Revenue","Pre-Revenue, Early Revenue",6937052bf10e4626fe32e6bd
Clean Energy Industries,Clean Energy Industries,Family Office,Family Office,Saxovent Smart Eco Investments,Saxovent Smart Eco Investments,"Pre-Revenue, Early Revenue, Revenue","Pre-Revenue, Early Revenue, Revenue",69319c199e24cd0435b60a16
"Clean Energy Industries, Digital and Technologies, Life Sciences, Advanced Manufacturing","Clean Energy Industries, Digital and Technologies, Life Sciences, Advanced Manufacturing",Accelerator / Incubator,Accelerator / Incubator,Science Creates Ventures LLP (now SCVC),Science Creates Ventures LLP (now SCVC),"Pre-Revenue, Early Revenue","Pre-Revenue, Early Revenue",69319c199e24cd0435b60a19
Clean Energy Industries,Clean Energy Industries,Corporate VC,Corporate VC,Scottish National Investment Bank,Scottish National Investment Bank,"Pre-Revenue, Early Revenue, Revenue, Growth, Mature","Pre-Revenue, Early Revenue, Revenue, Growth, Mature",69319c199e24cd0435b60a1c
"Clean Energy Industries, Creative Industries, Digital and Technologies, Life Sciences, Advanced Manufacturing","Clean Energy Industries, Creative Industries, Digital and Technologies, Life Sciences, Advanced Manufacturing",VC,VC,Seneca Partners,Seneca Partners,"Pre-Revenue, Early Revenue, Revenue, Growth, Mature","Pre-Revenue, Early Revenue, Revenue, Growth, Mature",69319c199e24cd0435b60a1f
"Life Sciences, Advanced Manufacturing","Life Sciences, Advanced Manufacturing",VC,VC,Senfi Uk,Senfi Uk,"Pre-Revenue, Early Revenue","Pre-Revenue, Early Revenue",69319c199e24cd0435b60a22
"Digital and Technologies, Life Sciences, Advanced Manufacturing","Digital and Technologies, Life Sciences, Advanced Manufacturing",Accelerator / Incubator,Accelerator / Incubator,SETsquared,SETsquared,"Pre-Revenue, Early Revenue","Pre-Revenue, Early Revenue",69319c199e24cd0435b60a25
"Digital and Technologies, Creative Industries, Advanced Manufacturing, Clean Energy Industries, Life Sciences, Financial Services","Digital and Technologies, Creative Industries, Advanced Manufacturing, Clean Energy Industries, Life Sciences, Financial Services",VC,VC,SFC Capital Ltd,SFC Capital Ltd,"Pre-Revenue, Early Revenue, Revenue","Pre-Revenue, Early Revenue, Revenue",69319c199e24cd0435b60a28
"Clean Energy Industries, Creative Industries, Defence and Security, Digital and Technologies, Financial Services","Clean Energy Industries, Creative Industries, Defence and Security, Digital and Technologies, Financial Services",VC,VC,Sie Ventures,Sie Ventures,"Pre-Revenue, Revenue","Pre-Revenue, Revenue",69319c199e24cd0435b60a2b
"Clean Energy Industries, Creative Industries, Digital and Technologies, Financial Services, Life Sciences, Defence and Security, Advanced Manufacturing","Clean Energy Industries, Creative Industries, Digital and Technologies, Financial Services, Life Sciences, Defence and Security, Advanced Manufacturing",VC,VC,Social Tech Trust,Social Tech Trust,"Early Revenue, Revenue","Early Revenue, Revenue",69319c199e24cd0435b60a2e
"Clean Energy Industries, Creative Industries, Digital and Technologies, Financial Services, Life Sciences, Defence and Security, Advanced Manufacturing","Clean Energy Industries, Creative Industries, Digital and Technologies, Financial Services, Life Sciences, Defence and Security, Advanced Manufacturing",VC,VC,SOSV,SOSV,"Early Revenue, Revenue","Early Revenue, Revenue",69319c199e24cd0435b60a31
"Clean Energy Industries, Creative Industries, Digital and Technologies, Financial Services, Life Sciences, Defence and Security, Advanced Manufacturing","Clean Energy Industries, Creative Industries, Digital and Technologies, Financial Services, Life Sciences, Defence and Security, Advanced Manufacturing",VC,VC,SPEEDINVEST,SPEEDINVEST,"Early Revenue, Revenue","Early Revenue, Revenue",69319c199e24cd0435b60a34
,,Lender,Lender,SPRK Capital,SPRK Capital,,,69319c199e24cd0435b60a37
"Creative Industries, Life Sciences, Advanced Manufacturing","Creative Industries, Life Sciences, Advanced Manufacturing",VC,VC,Start Codon,Start Codon,"Pre-Revenue, Early Revenue","Pre-Revenue, Early Revenue",69319c199e24cd0435b60a3a
"Clean Energy Industries, Digital and Technologies, Financial Services, Life Sciences, Defence and Security, Advanced Manufacturing","Clean Energy Industries, Digital and Technologies, Financial Services, Life Sciences, Defence and Security, Advanced Manufacturing",VC,VC,SUPERSEED VENTURES LLP,SUPERSEED VENTURES LLP,"Pre-Revenue, Early Revenue","Pre-Revenue, Early Revenue",69319c1a9e24cd0435b60a3d
"Clean Energy Industries, Digital and Technologies, Financial Services, Life Sciences, Defence and Security, Advanced Manufacturing","Clean Energy Industries, Digital and Technologies, Financial Services, Life Sciences, Defence and Security, Advanced Manufacturing",VC,VC,SURE VALLEY VENTURES,SURE VALLEY VENTURES,"Early Revenue, Revenue","Early Revenue, Revenue",69319c1a9e24cd0435b60a40
"Digital and Technologies, Financial Services","Digital and Technologies, Financial Services",VC,VC,Sustainable Future Ventures Limited,Sustainable Future Ventures Limited,"Early Revenue, Revenue, Growth","Early Revenue, Revenue, Growth",69319c1a9e24cd0435b60a43
"Clean Energy Industries, Creative Industries, Digital and Technologies, Financial Services, Life Sciences, Defence and Security, Advanced Manufacturing","Clean Energy Industries, Creative Industries, Digital and Technologies, Financial Services, Life Sciences, Defence and Security, Advanced Manufacturing",VC,VC,Sustainable Venture Development Partners Ltd,Sustainable Venture Development Partners Ltd,"Pre-Revenue, Early Revenue","Pre-Revenue, Early Revenue",69319c1a9e24cd0435b60a46
"Creative Industries, Digital and Technologies, Financial Services, Life Sciences, Defence and Security, Advanced Manufacturing","Creative Industries, Digital and Technologies, Financial Services, Life Sciences, Defence and Security, Advanced Manufacturing",VC,VC,SYMVAN CAPITAL LIMITED,SYMVAN CAPITAL LIMITED,"Pre-Revenue, Early Revenue","Pre-Revenue, Early Revenue",69319c1a9e24cd0435b60a49
"Clean Energy Industries, Creative Industries, Digital and Technologies, Financial Services, Life Sciences, Defence and Security, Advanced Manufacturing","Clean Energy Industries, Creative Industries, Digital and Technologies, Financial Services, Life Sciences, Defence and Security, Advanced Manufacturing",VC,VC,TECHSTART VENTURES,TECHSTART VENTURES,"Pre-Revenue, Early Revenue","Pre-Revenue, Early Revenue",69319c1a9e24cd0435b60a4c
"Digital and Technologies, Life Sciences, Advanced Manufacturing","Digital and Technologies, Life Sciences, Advanced Manufacturing",VC,VC,Tern Plc,Tern Plc,"Pre-Revenue, Early Revenue","Pre-Revenue, Early Revenue",69319c1a9e24cd0435b60a4f
"Creative Industries, Digital and Technologies","Creative Industries, Digital and Technologies",Angel Network,Angel Network,The Games Angels,The Games Angels,,,69319c1a9e24cd0435b60a52
Life Sciences,Life Sciences,VC,VC,THENA Capital,THENA Capital,"Pre-Revenue, Early Revenue, Revenue","Pre-Revenue, Early Revenue, Revenue",69319c1a9e24cd0435b60a5b
"Digital and Technologies, Advanced Manufacturing","Digital and Technologies, Advanced Manufacturing",VC,VC,The Resolution Foundation,The Resolution Foundation,"Early Revenue, Revenue","Early Revenue, Revenue",69319c1a9e24cd0435b60a55
"Clean Energy Industries, Creative Industries, Digital and Technologies, Financial Services, Life Sciences, Defence and Security, Advanced Manufacturing","Clean Energy Industries, Creative Industries, Digital and Technologies, Financial Services, Life Sciences, Defence and Security, Advanced Manufacturing",VC,VC,The Yield Lab,The Yield Lab,"Early Revenue, Revenue","Early Revenue, Revenue",69319c1a9e24cd0435b60a58
"Clean Energy Industries, Creative Industries, Digital and Technologies, Life Sciences, Advanced Manufacturing","Clean Energy Industries, Creative Industries, Digital and Technologies, Life Sciences, Advanced Manufacturing",Angel Network,Angel Network,Tricapital Angels,Tricapital Angels,"Early Revenue, Revenue","Early Revenue, Revenue",69319c1a9e24cd0435b60a5e
"Creative Industries, Digital and Technologies, Financial Services, Life Sciences, Defence and Security, Advanced Manufacturing","Creative Industries, Digital and Technologies, Financial Services, Life Sciences, Defence and Security, Advanced Manufacturing",VC,VC,Triple Point Venture,Triple Point Venture,"Pre-Revenue, Early Revenue, Revenue","Pre-Revenue, Early Revenue, Revenue",69319c1a9e24cd0435b60a61
"Digital and Technologies, Advanced Manufacturing","Digital and Technologies, Advanced Manufacturing",VC,VC,TSP Ventures Ltd,TSP Ventures Ltd,"Early Revenue, Revenue","Early Revenue, Revenue",69319c1a9e24cd0435b60a64
"Clean Energy Industries, Advanced Manufacturing, Digital and Technologies","Clean Energy Industries, Advanced Manufacturing, Digital and Technologies",VC,VC,Turquoise International Limited,Turquoise International Limited,"Pre-Revenue, Early Revenue","Pre-Revenue, Early Revenue",69319c1a9e24cd0435b60a67
"Digital and Technologies, Life Sciences, Advanced Manufacturing","Digital and Technologies, Life Sciences, Advanced Manufacturing",VC,VC,Twin Path Ventures,Twin Path Ventures,"Pre-Revenue, Early Revenue","Pre-Revenue, Early Revenue",69319c1a9e24cd0435b60a6a
"Digital and Technologies, Advanced Manufacturing, Creative Industries, Life Sciences","Digital and Technologies, Advanced Manufacturing, Creative Industries, Life Sciences",VC,VC,Two Magnolias,Two Magnolias,"Pre-Revenue, Early Revenue, Revenue","Pre-Revenue, Early Revenue, Revenue",69319c1a9e24cd0435b60a6d
"Clean Energy Industries, Advanced Manufacturing","Clean Energy Industries, Advanced Manufacturing",VC,VC,Unilever Europe,Unilever Europe,,,69319c1a9e24cd0435b60a70
"Clean Energy Industries, Digital and Technologies, Advanced Manufacturing","Clean Energy Industries, Digital and Technologies, Advanced Manufacturing",Accelerator / Incubator,Accelerator / Incubator,University of Sussex Business Angels,University of Sussex Business Angels,"Pre-Revenue, Early Revenue, Revenue","Pre-Revenue, Early Revenue, Revenue",69319c1a9e24cd0435b60a73
"Creative Industries, Digital and Technologies, Life Sciences, Advanced Manufacturing","Creative Industries, Digital and Technologies, Life Sciences, Advanced Manufacturing",Angel Network,Angel Network,University of Warwick (Minerva),University of Warwick (Minerva),"Pre-Revenue, Early Revenue, Revenue","Pre-Revenue, Early Revenue, Revenue",69319c1a9e24cd0435b60a76
"Clean Energy Industries, Creative Industries, Digital and Technologies, Financial Services, Life Sciences, Defence and Security, Advanced Manufacturing","Clean Energy Industries, Creative Industries, Digital and Technologies, Financial Services, Life Sciences, Defence and Security, Advanced Manufacturing",VC,VC,VALA CAPITAL VENTURES LTD,VALA CAPITAL VENTURES LTD,"Early Revenue, Revenue","Early Revenue, Revenue",69319c1a9e24cd0435b60a79
"Clean Energy Industries, Creative Industries, Digital and Technologies, Advanced Manufacturing","Clean Energy Industries, Creative Industries, Digital and Technologies, Advanced Manufacturing",VC,VC,Vectr investment Partners,Vectr investment Partners,"Early Revenue, Revenue, Growth","Early Revenue, Revenue, Growth",69319c1a9e24cd0435b60a7c
"Creative Industries, Digital and Technologies, Life Sciences, Advanced Manufacturing","Creative Industries, Digital and Technologies, Life Sciences, Advanced Manufacturing",VC,VC,Velocity Capital Advisors,Velocity Capital Advisors,"Pre-Revenue, Early Revenue, Revenue","Pre-Revenue, Early Revenue, Revenue",69319c1a9e24cd0435b60a7f
"Advanced Manufacturing, Digital and Technologies, Life Sciences","Advanced Manufacturing, Digital and Technologies, Life Sciences",VC,VC,World Fund,World Fund,"Pre-Revenue, Early Revenue, Revenue","Pre-Revenue, Early Revenue, Revenue",69319c1a9e24cd0435b60a82
"Life Sciences, Advanced Manufacturing, Digital and Technologies","Life Sciences, Advanced Manufacturing, Digital and Technologies",VC (Late-Stage),VC (Late-Stage),YFM Equity Partners,YFM Equity Partners,"Revenue, Growth, Mature","Revenue, Growth, Mature",69319c1a9e24cd0435b60a85
"Clean Energy Industries, Creative Industries, Digital and Technologies, Life Sciences, Advanced Manufacturing","Clean Energy Industries, Creative Industries, Digital and Technologies, Life Sciences, Advanced Manufacturing",VC,VC,Zero Carbon Capital,Zero Carbon Capital,"Pre-Revenue, Early Revenue","Pre-Revenue, Early Revenue",69319c1a9e24cd0435b60a88
"Clean Energy Industries, Creative Industries, Digital and Technologies, Life Sciences, Advanced Manufacturing","Clean Energy Industries, Creative Industries, Digital and Technologies, Life Sciences, Advanced Manufacturing",VC,VC,ZINC VENTURES,ZINC VENTURES,"Pre-Revenue, Early Revenue","Pre-Revenue, Early Revenue",69319c1a9e24cd0435b60a8b
